rank,prev_rank,name,league,off,def,spi
1,1,Manchester City,Barclays Premier League,3.04,0.2,94.39
2,2,Bayern Munich,German Bundesliga,3.26,0.36,93.5
3,3,Liverpool,Barclays Premier League,2.96,0.27,92.98
4,4,Barcelona,Spanish Primera Division,3.01,0.38,91.74
5,6,Paris Saint-Germain,French Ligue 1,2.84,0.68,85.66
6,7,Chelsea,Barclays Premier League,2.37,0.45,85.06
7,5,Real Madrid,Spanish Primera Division,2.57,0.59,84.54
8,8,Atletico Madrid,Spanish Primera Division,2.14,0.37,84.19
9,9,Olympiacos,Greek Super League,2.62,0.68,83.35
10,10,Ajax,Dutch Eredivisie,3.18,1.06,82.85
11,13,Atalanta,Italy Serie A,2.42,0.61,82.5
12,14,Internazionale,Italy Serie A,2.22,0.5,82.19
13,12,Tottenham Hotspur,Barclays Premier League,2.28,0.54,82.12
14,11,Juventus,Italy Serie A,2.22,0.52,81.89
15,15,Bayer Leverkusen,German Bundesliga,2.51,0.7,81.76
16,20,Valencia,Spanish Primera Division,2.26,0.6,80.55
17,19,FC Porto,Portuguese Liga,2.3,0.63,80.53
18,17,Napoli,Italy Serie A,2.29,0.64,80.1
19,23,Eibar,Spanish Primera Division,2.08,0.53,79.83
20,16,RB Leipzig,German Bundesliga,2.18,0.59,79.8
21,18,Getafe,Spanish Primera Division,1.96,0.46,79.7
22,21,PAOK Salonika,Greek Super League,2.33,0.71,79.24
23,22,Sevilla FC,Spanish Primera Division,2.27,0.68,79.09
24,27,Borussia Dortmund,German Bundesliga,2.36,0.74,79.05
25,31,Young Boys,Swiss Raiffeisen Super League,2.64,0.96,78.21
26,24,Everton,Barclays Premier League,2.0,0.56,78.05
27,25,Arsenal,Barclays Premier League,2.39,0.81,77.97
28,26,Athletic Bilbao,Spanish Primera Division,1.92,0.51,77.89
29,30,Real Sociedad,Spanish Primera Division,2.0,0.6,76.91
30,29,Benfica,Portuguese Liga,2.44,0.92,76.42
31,32,Leganes,Spanish Primera Division,1.74,0.46,76.24
32,33,FC Salzburg,Austrian T-Mobile Bundesliga,2.46,0.96,75.97
33,28,TSG Hoffenheim,German Bundesliga,2.6,1.06,75.97
34,45,FC Krasnodar,Russian Premier Liga,2.03,0.67,75.71
35,34,Manchester United,Barclays Premier League,2.17,0.77,75.7
36,37,Lyon,French Ligue 1,2.28,0.85,75.67
37,35,PSV,Dutch Eredivisie,2.38,0.93,75.22
38,36,Villarreal,Spanish Primera Division,2.12,0.77,74.85
39,42,AS Roma,Italy Serie A,2.17,0.82,74.67
40,40,Galatasaray,Turkish Turkcell Super Lig,2.22,0.85,74.59
41,49,Real Betis,Spanish Primera Division,1.98,0.7,74.41
42,38,Leicester City,Barclays Premier League,1.95,0.67,74.41
43,39,Lazio,Italy Serie A,2.01,0.72,74.32
44,43,Espanyol,Spanish Primera Division,2.01,0.73,74.0
45,46,Lille,French Ligue 1,1.9,0.66,73.92
46,41,AC Milan,Italy Serie A,1.85,0.65,73.41
47,44,Wolverhampton,Barclays Premier League,1.87,0.67,73.02
48,51,Palmeiras,Brasileiro Série A,1.84,0.68,72.56
49,50,Shakhtar Donetsk,UEFA Europa League,2.15,0.93,71.79
50,48,Eintracht Frankfurt,German Bundesliga,2.04,0.87,71.37
51,56,Girona FC,Spanish Primera Division,1.83,0.76,70.36
52,61,SD Huesca,Spanish Primera Division,2.01,0.89,70.18
53,58,Crystal Palace,Barclays Premier League,1.99,0.89,70.08
54,53,Sporting CP,Portuguese Liga,1.94,0.86,69.89
55,59,Celta Vigo,Spanish Primera Division,2.03,0.93,69.78
56,52,Zenit St Petersburg,Russian Premier Liga,2.0,0.91,69.67
57,47,Club Brugge,Belgian Jupiler League,2.09,0.98,69.62
58,54,Genk,Belgian Jupiler League,1.98,0.91,69.38
59,64,Alavés,Spanish Primera Division,1.76,0.75,69.22
60,65,Newcastle,Barclays Premier League,1.79,0.78,68.91
61,67,Werder Bremen,German Bundesliga,2.02,0.96,68.87
62,63,Basel,Swiss Raiffeisen Super League,2.04,0.99,68.73
63,66,Dynamo Kiev,UEFA Europa League,1.98,0.94,68.7
64,55,Torino,Italy Serie A,1.77,0.78,68.61
65,80,VfL Wolfsburg,German Bundesliga,1.98,0.95,68.49
66,62,Besiktas,Turkish Turkcell Super Lig,2.34,1.24,68.29
67,60,Borussia Monchengladbach,German Bundesliga,1.95,0.93,68.28
68,72,Marseille,French Ligue 1,1.8,0.83,68.03
69,71,St Etienne,French Ligue 1,1.8,0.83,67.95
70,69,Montpellier,French Ligue 1,1.68,0.74,67.81
71,75,Flamengo,Brasileiro Série A,1.83,0.87,67.45
72,74,Levante,Spanish Primera Division,2.11,1.09,67.43
73,73,Fiorentina,Italy Serie A,1.74,0.81,67.25
74,57,FC Copenhagen,Danish SAS-Ligaen,2.21,1.19,67.16
75,70,Real Valladolid,Spanish Primera Division,1.72,0.81,66.98
76,76,Sampdoria,Italy Serie A,1.93,0.98,66.84
77,78,Nantes,French Ligue 1,1.7,0.8,66.8
78,68,Lokomotiv Moscow,Russian Premier Liga,1.81,0.88,66.78
79,77,AFC Bournemouth,Barclays Premier League,2.06,1.09,66.71
80,85,Feyenoord,Dutch Eredivisie,2.17,1.18,66.66
81,82,Bologna,Italy Serie A,1.77,0.86,66.62
82,79,West Ham United,Barclays Premier League,1.93,0.99,66.61
83,84,Southampton,Barclays Premier League,1.85,0.95,66.02
84,88,CSKA Moscow,Russian Premier Liga,1.68,0.83,65.68
85,86,Watford,Barclays Premier League,1.96,1.06,65.53
86,87,Burnley,Barclays Premier League,1.81,0.94,65.48
87,97,Mainz,German Bundesliga,2.01,1.1,65.32
88,92,AEK Athens,Greek Super League,1.61,0.8,64.91
89,90,Istanbul Basaksehir,Turkish Turkcell Super Lig,1.54,0.75,64.76
90,96,Genoa,Italy Serie A,1.72,0.89,64.71
91,89,Schalke 04,German Bundesliga,1.78,0.95,64.61
92,93,Rayo Vallecano,Spanish Primera Division,1.82,0.99,64.54
93,83,Leeds United,English League Championship,1.81,0.98,64.41
94,81,Rangers,Scottish Premiership,1.92,1.08,64.23
95,94,Ludogorets,UEFA Europa League,1.68,0.89,64.16
96,95,AS Monaco,French Ligue 1,1.67,0.9,63.62
97,91,Angers,French Ligue 1,1.62,0.86,63.4
98,98,Red Star Belgrade,UEFA Champions League,2.02,1.21,63.24
99,103,Sheffield United,English League Championship,1.62,0.9,62.59
100,106,Viktoria Plzen,UEFA Europa League,1.98,1.22,62.31
101,105,Fortuna Düsseldorf,German Bundesliga,1.9,1.15,62.31
102,112,LASK Linz,Austrian T-Mobile Bundesliga,1.77,1.04,62.08
103,100,Celtic,Scottish Premiership,1.55,0.87,61.99
104,107,Norwich City,English League Championship,1.89,1.16,61.87
105,101,Hertha Berlin,German Bundesliga,1.85,1.13,61.87
106,108,FC Midtjylland,Danish SAS-Ligaen,2.01,1.27,61.87
107,102,Guangzhou Evergrande,Chinese Super League,1.89,1.16,61.83
108,113,Grêmio,Brasileiro Série A,1.63,0.95,61.59
109,118,Trabzonspor,Turkish Turkcell Super Lig,1.97,1.25,61.51
110,115,Braga,Portuguese Liga,1.68,0.99,61.5
111,104,Santos,Brasileiro Série A,1.63,0.95,61.48
112,109,Spal,Italy Serie A,1.69,1.01,61.27
113,114,River Plate,Argentina Primera Division,1.62,0.96,61.2
114,117,Aston Villa,English League Championship,1.7,1.03,61.06
115,116,Boca Juniors,Argentina Primera Division,1.55,0.9,60.98
116,111,Nice,French Ligue 1,1.43,0.8,60.85
117,110,Sassuolo,Italy Serie A,1.72,1.06,60.81
118,119,Nimes,French Ligue 1,1.68,1.04,60.41
119,122,Dinamo Zagreb,UEFA Europa League,1.55,0.93,60.37
120,120,Beijing Guoan,Chinese Super League,1.78,1.13,60.35
121,99,FC Arsenal Tula,Russian Premier Liga,1.45,0.86,59.88
122,124,Cardiff City,Barclays Premier League,1.64,1.04,59.51
123,134,Vitesse,Dutch Eredivisie,2.2,1.54,59.41
124,126,Strasbourg,French Ligue 1,1.59,1.01,59.14
125,127,Racing Club,Argentina Primera Division,1.5,0.94,59.13
126,125,Internacional,Brasileiro Série A,1.51,0.94,59.1
127,144,Los Angeles FC,Major League Soccer,1.86,1.26,58.97
128,128,Shanghai SIPG,Chinese Super League,1.7,1.13,58.84
129,136,Spartak Moscow,Russian Premier Liga,1.53,0.98,58.69
130,132,Stade Rennes,French Ligue 1,1.64,1.08,58.61
131,121,Club América,Mexican Primera Division Torneo Clausura,1.54,1.0,58.29
132,131,Cagliari,Italy Serie A,1.65,1.12,57.97
133,129,Malmo FF,Swedish Allsvenskan,1.59,1.07,57.79
134,137,Brighton and Hove Albion,Barclays Premier League,1.55,1.04,57.78
135,130,Tigres UANL,Mexican Primera Division Torneo Clausura,1.5,0.99,57.6
136,146,León,Mexican Primera Division Torneo Clausura,1.64,1.13,57.49
137,143,Udinese,Italy Serie A,1.59,1.09,57.23
138,140,Brentford,English League Championship,1.56,1.06,57.21
139,147,VfB Stuttgart,German Bundesliga,1.64,1.14,57.19
140,142,Fulham,Barclays Premier League,1.67,1.17,57.07
141,152,Empoli,Italy Serie A,1.82,1.31,57.06
142,133,São Paulo,Brasileiro Série A,1.36,0.89,56.88
143,139,Kawasaki Frontale,Japanese J League,1.5,1.03,56.78
144,135,Toulouse,French Ligue 1,1.52,1.04,56.78
145,145,FC Astana,UEFA Europa League,1.67,1.18,56.76
146,138,Bordeaux,French Ligue 1,1.36,0.9,56.61
147,150,SC Freiburg,German Bundesliga,1.7,1.22,56.43
148,123,AZ,Dutch Eredivisie,1.75,1.29,56.17
149,156,Monterrey,Mexican Primera Division Torneo Clausura,1.52,1.07,56.17
150,157,Reims,French Ligue 1,1.42,0.98,56.0
151,160,Cruz Azul,Mexican Primera Division Torneo Clausura,1.43,1.01,55.62
152,149,Fenerbahce,Turkish Turkcell Super Lig,1.59,1.16,55.61
153,151,Slavia Prague,UEFA Europa League,1.38,0.97,55.35
154,154,Jablonec,UEFA Europa League,1.46,1.06,55.07
155,178,Standard Liege,Belgian Jupiler League,1.69,1.28,54.96
156,155,Aris Salonika,Greek Super League,1.67,1.27,54.92
157,158,Amiens,French Ligue 1,1.24,0.86,54.9
158,162,Corinthians,Brasileiro Série A,1.31,0.93,54.81
159,153,Atlético Paranaense,Brasileiro Série A,1.43,1.05,54.48
160,161,Pachuca,Mexican Primera Division Torneo Clausura,1.63,1.25,54.33
161,148,Molde,Norwegian Tippeligaen,1.84,1.46,54.29
162,141,FC Augsburg,German Bundesliga,1.82,1.44,54.12
163,159,Atletico Mineiro,Brasileiro Série A,1.45,1.1,53.86
164,171,Guimaraes,Portuguese Liga,1.42,1.07,53.8
165,163,Defensa y Justicia,Argentina Primera Division,1.27,0.93,53.67
166,164,Swansea City,English League Championship,1.62,1.28,53.5
167,183,Bahía,Brasileiro Série A,1.36,1.03,53.31
168,191,KAA Gent,Belgian Jupiler League,1.54,1.21,53.28
169,167,Caykur Rizespor,Turkish Turkcell Super Lig,1.6,1.27,53.14
170,166,Atromitos,Greek Super League,1.3,0.99,53.11
171,202,Gazovik Orenburg,Russian Premier Liga,1.54,1.22,53.11
172,187,Rostov,Russian Premier Liga,1.05,0.74,52.99
173,169,St. Truidense,Belgian Jupiler League,1.49,1.18,52.86
174,203,ADO Den Haag,Dutch Eredivisie,1.9,1.58,52.85
175,168,West Bromwich Albion,English League Championship,1.5,1.2,52.65
176,180,Frosinone,Italy Serie A,1.51,1.21,52.58
177,195,Derby County,English League Championship,1.43,1.13,52.56
178,173,Mouscron-Peruwelz,Belgian Jupiler League,1.38,1.09,52.46
179,174,Bristol City,English League Championship,1.48,1.19,52.36
180,170,Terek Grozny,Russian Premier Liga,1.14,0.86,52.34
181,177,Jiangsu Suning FC,Chinese Super League,1.51,1.24,52.11
182,175,Guingamp,French Ligue 1,1.38,1.1,52.1
183,172,Dijon FCO,French Ligue 1,1.36,1.09,51.97
184,189,Shandong Luneng,Chinese Super League,1.59,1.32,51.89
185,226,Kashima Antlers,Japanese J League,1.49,1.22,51.84
186,165,1. FC Nürnberg,German Bundesliga,1.48,1.21,51.84
187,181,Huddersfield Town,Barclays Premier League,1.39,1.13,51.81
188,186,KV Kortrijk,Belgian Jupiler League,1.51,1.25,51.61
189,188,FC Lugano,Swiss Raiffeisen Super League,1.3,1.05,51.46
190,182,Anderlecht,Belgian Jupiler League,1.37,1.13,51.35
191,184,Parma,Italy Serie A,1.49,1.25,51.27
192,176,Dinamo Moscow,Russian Premier Liga,1.09,0.84,51.23
193,196,Nagoya Grampus Eight,Japanese J League,1.51,1.28,51.04
194,207,Atlanta United FC,Major League Soccer,1.42,1.19,50.97
195,185,FC Cologne,German 2. Bundesliga,1.73,1.51,50.84
196,193,CA Independiente,Argentina Primera Division,1.34,1.12,50.71
197,194,Toluca,Mexican Primera Division Torneo Clausura,1.53,1.31,50.69
198,179,Cruzeiro,Brasileiro Série A,1.36,1.14,50.62
199,192,Konyaspor,Turkish Turkcell Super Lig,1.24,1.02,50.62
200,197,Santos Laguna,Mexican Primera Division Torneo Clausura,1.44,1.22,50.59
201,198,Velez Sarsfield,Argentina Primera Division,1.25,1.03,50.57
202,201,Hannover 96,German Bundesliga,1.56,1.35,50.54
203,200,BATE Borisov,UEFA Europa League,1.51,1.3,50.51
204,215,FC Utrecht,Dutch Eredivisie,1.7,1.52,49.9
205,208,Middlesbrough,English League Championship,1.3,1.13,49.56
206,219,Fluminense,Brasileiro Série A,1.36,1.19,49.55
207,205,BK Hacken,Swedish Allsvenskan,1.4,1.24,49.36
208,222,AIK,Swedish Allsvenskan,1.28,1.11,49.34
209,211,Stoke City,English League Championship,1.14,0.97,49.24
210,206,Perth Glory,Australian A-League,1.49,1.34,49.13
211,212,Millwall,English League Championship,1.28,1.12,49.07
212,204,Rapid Vienna,Austrian T-Mobile Bundesliga,1.6,1.45,49.07
213,214,Apollon Limassol,UEFA Europa League,1.37,1.22,49.03
214,209,Necaxa,Mexican Primera Division Torneo Clausura,1.38,1.23,48.99
215,213,Chievo Verona,Italy Serie A,1.35,1.21,48.98
216,216,Blackburn,English League Championship,1.42,1.29,48.73
217,210,Desportivo Aves,Portuguese Liga,1.27,1.13,48.65
218,232,FK Austria Vienna,Austrian T-Mobile Bundesliga,1.58,1.46,48.62
219,228,Brondby,Danish SAS-Ligaen,1.61,1.5,48.56
220,217,Union Santa Fe,Argentina Primera Division,1.2,1.07,48.51
221,218,Sheffield Wednesday,English League Championship,1.34,1.22,48.41
222,227,Rio Ave,Portuguese Liga,1.44,1.33,48.29
223,199,FC Ufa,Russian Premier Liga,1.12,1.01,47.86
224,223,Birmingham,English League Championship,1.32,1.23,47.64
225,221,Botafogo,Brasileiro Série A,1.23,1.15,47.32
226,224,Portimonense,Portuguese Liga,1.43,1.37,47.14
227,229,Nottingham Forest,English League Championship,1.27,1.21,47.08
228,225,Ceará,Brasileiro Série A,1.19,1.11,47.07
229,190,Yeni Malatyaspor,Turkish Turkcell Super Lig,1.4,1.34,47.0
230,220,Caen,French Ligue 1,1.13,1.06,46.93
231,234,Antwerp,Belgian Jupiler League,1.31,1.25,46.88
232,237,Goztepe,Turkish Turkcell Super Lig,1.24,1.19,46.76
233,262,FC Tokyo,Japanese J League,1.09,1.02,46.75
234,236,Banfield,Argentina Primera Division,1.23,1.17,46.71
235,255,FC Luzern,Swiss Raiffeisen Super League,1.52,1.49,46.69
236,293,Hammarby,Swedish Allsvenskan,1.57,1.54,46.56
237,238,Tijuana,Mexican Primera Division Torneo Clausura,1.3,1.27,46.49
238,239,FK Qarabag,UEFA Europa League,1.26,1.22,46.48
239,240,Vorskla,UEFA Europa League,1.19,1.14,46.43
240,241,Queens Park Rangers,English League Championship,1.34,1.31,46.4
241,242,New York City FC,Major League Soccer,1.35,1.32,46.38
242,245,Rubin Kazan,Russian Premier Liga,1.04,0.99,46.19
243,246,SK Sturm Graz,Austrian T-Mobile Bundesliga,1.28,1.25,46.05
244,247,Osasuna,Spanish Segunda Division,1.14,1.11,46.04
245,249,Tigre,Argentina Primera Division,1.44,1.43,46.0
246,248,Boavista,Portuguese Liga,1.21,1.19,45.86
247,235,Moreirense,Portuguese Liga,1.19,1.17,45.73
248,250,Hull City,English League Championship,1.4,1.41,45.67
249,230,FC Groningen,Dutch Eredivisie,1.11,1.09,45.64
250,253,Odense BK,Danish SAS-Ligaen,1.35,1.35,45.61
251,251,Philadelphia Union,Major League Soccer,1.39,1.4,45.58
252,252,Panathinaikos,Greek Super League,1.1,1.08,45.49
253,254,Sivasspor,Turkish Turkcell Super Lig,1.47,1.49,45.43
254,244,Vasco da Gama,Brasileiro Série A,1.23,1.23,45.35
255,231,Troyes,French Ligue 2,1.1,1.09,45.34
256,256,Sporting de Charleroi,Belgian Jupiler League,1.41,1.44,45.26
257,264,Metz,French Ligue 2,1.08,1.07,45.24
258,257,SV Zulte Waregem,Belgian Jupiler League,1.7,1.75,45.21
259,258,AEK Larnaca,UEFA Europa League,1.17,1.17,45.21
260,261,Newell's Old Boys,Argentina Primera Division,1.16,1.17,45.14
261,266,Alanyaspor,Turkish Turkcell Super Lig,1.3,1.33,44.86
262,233,Chapecoense AF,Brasileiro Série A,1.16,1.19,44.58
263,265,Sydney FC,Australian A-League,1.29,1.34,44.5
264,243,Wolfsberger AC,Austrian T-Mobile Bundesliga,1.38,1.44,44.45
265,272,1. FC Union Berlin,German 2. Bundesliga,1.32,1.37,44.42
266,268,Preston North End,English League Championship,1.28,1.33,44.42
267,269,Luton Town,English League One,1.44,1.51,44.37
268,270,Wigan,English League Championship,1.28,1.34,44.28
269,271,Guadalajara,Mexican Primera Division Torneo Clausura,1.18,1.23,44.24
270,273,Lanus,Argentina Primera Division,1.16,1.21,44.12
271,274,Videoton FC,UEFA Europa League,1.21,1.27,44.06
272,259,Brest,French Ligue 2,1.23,1.29,44.05
273,282,Dalian Aerbin,Chinese Super League,1.35,1.42,44.02
274,289,Santa Clara,Portuguese Liga,1.25,1.32,43.93
275,260,Sporting Kansas City,Major League Soccer,1.5,1.61,43.82
276,292,Ural Sverdlovsk Oblast,Russian Premier Liga,1.29,1.37,43.73
277,285,SV Mattersburg,Austrian T-Mobile Bundesliga,1.25,1.33,43.67
278,277,Atlético Tucumán,Argentina Primera Division,1.21,1.29,43.64
279,275,New York Red Bulls,Major League Soccer,1.29,1.38,43.56
280,317,FC Zurich,Swiss Raiffeisen Super League,1.19,1.27,43.53
281,263,AGF Aarhus,Danish SAS-Ligaen,1.36,1.46,43.5
282,278,Talleres de Córdoba,Argentina Primera Division,1.04,1.11,43.44
283,279,San Lorenzo,Argentina Primera Division,1.04,1.11,43.4
284,281,Erzurumspor,Turkish Turkcell Super Lig,1.22,1.31,43.33
285,283,Pumas Unam,Mexican Primera Division Torneo Clausura,1.37,1.49,43.24
286,288,Argentinos Juniors,Argentina Primera Division,1.03,1.12,42.91
287,291,Toronto FC,Major League Soccer,1.48,1.63,42.85
288,276,Vitoria Setubal,Portuguese Liga,1.06,1.15,42.79
289,352,Djurgardens IF,Swedish Allsvenskan,1.17,1.29,42.69
290,267,Charlton Athletic,English League One,1.16,1.27,42.68
291,299,Cashpoint SC Rheindorf Altach,Austrian T-Mobile Bundesliga,1.35,1.5,42.55
292,280,IFK Norrkoping,Swedish Allsvenskan,1.34,1.5,42.23
293,295,Kayserispor,Turkish Turkcell Super Lig,1.3,1.45,42.2
294,287,Krylia Sovetov,Russian Premier Liga,1.15,1.29,42.2
295,296,Huracán,Argentina Primera Division,1.16,1.31,41.96
296,297,Asteras Tripolis,Greek Super League,0.86,0.96,41.94
297,346,Kilmarnock,Scottish Premiership,1.01,1.13,41.89
298,304,Goiás,Brasileiro Série A,1.19,1.36,41.65
299,320,Hamburg SV,German 2. Bundesliga,1.18,1.34,41.63
300,298,Colon Santa Fe,Argentina Primera Division,1.03,1.17,41.62
301,301,Estudiantes,Argentina Primera Division,0.97,1.11,41.33
302,303,OFI Crete,Greek Super League,1.14,1.32,41.25
303,305,Rotherham United,English League Championship,1.4,1.62,41.14
304,306,Atlas,Mexican Primera Division Torneo Clausura,1.18,1.37,41.13
305,314,Portland Timbers,Major League Soccer,1.41,1.64,41.06
306,284,Los Angeles Galaxy,Major League Soccer,1.54,1.79,41.05
307,286,Urawa Red Diamonds,Japanese J League,1.21,1.41,40.97
308,308,Seattle Sounders FC,Major League Soccer,1.25,1.46,40.88
309,310,Kasimpasa,Turkish Turkcell Super Lig,1.47,1.72,40.81
310,309,Puebla,Mexican Primera Division Torneo Clausura,1.15,1.35,40.81
311,351,Fortaleza,Brasileiro Série A,1.15,1.35,40.81
312,312,Aldosivi,Argentina Primera Division,0.96,1.14,40.66
313,313,Chaves,Portuguese Liga,1.29,1.52,40.54
314,328,Guangzhou RF,Chinese Super League,1.45,1.71,40.53
315,316,Melbourne City,Australian A-League,1.16,1.38,40.48
316,330,FC Sion,Swiss Raiffeisen Super League,1.23,1.45,40.47
317,318,Morelia,Mexican Primera Division Torneo Clausura,1.25,1.49,40.32
318,319,Orlando Pirates,South African ABSA Premier League,1.05,1.25,40.31
319,321,Waasland-Beveren,Belgian Jupiler League,1.42,1.7,40.16
320,322,Lamia,Greek Super League,0.96,1.16,40.13
321,343,Belenenses,Portuguese Liga,1.19,1.43,39.97
322,315,St Gallen,Swiss Raiffeisen Super League,1.22,1.47,39.95
323,327,Belgrano Cordoba,Argentina Primera Division,0.93,1.13,39.92
324,311,Cadiz,Spanish Segunda Division,1.03,1.24,39.83
325,329,Barnsley,English League One,1.19,1.45,39.8
326,300,Cerezo Osaka,Japanese J League,0.92,1.12,39.75
327,331,Granada,Spanish Segunda Division,0.87,1.06,39.71
328,332,Patronato,Argentina Primera Division,1.11,1.36,39.58
329,307,FC Nordsjaelland,Danish SAS-Ligaen,1.28,1.56,39.54
330,334,San Martin San Juan,Argentina Primera Division,1.1,1.36,39.39
331,325,Hebei China Fortune FC,Chinese Super League,1.23,1.52,39.35
332,290,Thun,Swiss Raiffeisen Super League,1.37,1.68,39.32
333,382,Yokohama F. Marinos,Japanese J League,1.32,1.62,39.29
334,324,Shanghai Greenland,Chinese Super League,1.31,1.61,39.28
335,335,Rosario Central,Argentina Primera Division,0.96,1.2,39.27
336,336,Ankaragucu,Turkish Turkcell Super Lig,1.17,1.44,39.26
337,388,Málaga,Spanish Segunda Division,0.94,1.17,39.26
338,338,Godoy Cruz,Argentina Primera Division,1.04,1.29,39.22
339,366,Aberdeen,Scottish Premiership,1.25,1.54,39.2
340,340,Newcastle Jets,Australian A-League,1.39,1.71,39.14
341,350,Heracles,Dutch Eredivisie,1.63,2.0,39.05
342,323,Heerenveen,Dutch Eredivisie,1.63,2.0,39.03
343,344,Tondela,Portuguese Liga,1.26,1.57,38.98
344,339,Holstein Kiel,German 2. Bundesliga,1.38,1.71,38.95
345,349,Mallorca,Spanish Segunda Division,1.06,1.33,38.94
346,345,Larissa,Greek Super League,0.88,1.11,38.91
347,337,Bursaspor,Turkish Turkcell Super Lig,0.82,1.04,38.76
348,396,Antalyaspor,Turkish Turkcell Super Lig,1.23,1.55,38.66
349,294,Rosenborg,Norwegian Tippeligaen,1.17,1.48,38.4
350,354,Chongqing Lifan,Chinese Super League,1.2,1.52,38.33
351,353,Albacete,Spanish Segunda Division,0.96,1.23,38.3
352,361,Tianjin Teda,Chinese Super League,1.16,1.48,38.29
353,341,Neuchatel Xamax,Swiss Raiffeisen Super League,1.15,1.47,38.28
354,348,Sunderland,English League One,1.21,1.55,38.16
355,356,Houston Dynamo,Major League Soccer,1.31,1.67,38.13
356,355,San Martin de Tucuman,Argentina Primera Division,1.11,1.43,38.12
357,358,PEC Zwolle,Dutch Eredivisie,1.32,1.69,38.11
358,342,Montreal Impact,Major League Soccer,1.05,1.35,38.06
359,347,SC Paderborn,German 2. Bundesliga,1.36,1.73,38.02
360,429,Esbjerg,Danish SAS-Ligaen,1.14,1.47,37.92
361,376,IFK Goteborg,Swedish Allsvenskan,1.33,1.71,37.89
362,374,Avaí,Brasileiro Série A,1.04,1.35,37.88
363,365,CSA,Brasileiro Série A,1.05,1.36,37.88
364,404,Lens,French Ligue 2,0.9,1.18,37.75
365,363,Arminia Bielefeld,German 2. Bundesliga,1.16,1.5,37.7
366,362,Mamelodi Sundowns,South African ABSA Premier League,0.98,1.28,37.68
367,393,SK Brann,Norwegian Tippeligaen,1.18,1.54,37.63
368,380,Valerenga,Norwegian Tippeligaen,1.23,1.6,37.61
369,326,Willem II,Dutch Eredivisie,1.65,2.1,37.58
370,302,Östersunds FK,Swedish Allsvenskan,1.18,1.54,37.54
371,333,DC United,Major League Soccer,1.17,1.53,37.48
372,384,Real Salt Lake,Major League Soccer,1.25,1.64,37.44
373,412,Odd BK,Norwegian Tippeligaen,1.07,1.41,37.39
374,369,F91 Dudelange,UEFA Europa League,1.35,1.76,37.32
375,357,FC Ingolstadt 04,German 2. Bundesliga,1.2,1.57,37.28
376,371,Querétaro,Mexican Primera Division Torneo Clausura,1.04,1.38,37.23
377,370,Akhisar Belediye,Turkish Turkcell Super Lig,1.12,1.48,37.22
378,367,Jahn Regensburg,German 2. Bundesliga,1.45,1.89,37.13
379,375,Brescia,Italy Serie B,1.16,1.55,36.82
380,377,Gimnasia La Plata,Argentina Primera Division,0.98,1.34,36.67
381,378,Melbourne Victory,Australian A-League,1.28,1.71,36.66
382,406,Haugesund,Norwegian Tippeligaen,1.03,1.4,36.63
383,368,Columbus Crew,Major League Soccer,1.03,1.4,36.58
384,360,Chicago Fire,Major League Soccer,1.18,1.59,36.52
385,379,Henan Jianye,Chinese Super League,1.13,1.54,36.49
386,383,FC Trenkwalder Admira,Austrian T-Mobile Bundesliga,1.47,1.96,36.46
387,372,C.D. Nacional,Portuguese Liga,1.13,1.54,36.27
388,390,Maritimo,Portuguese Liga,0.96,1.34,36.12
389,386,Reading,English League Championship,1.06,1.46,36.12
390,403,Randers FC,Danish SAS-Ligaen,1.02,1.42,35.99
391,359,FC Dallas,Major League Soccer,1.13,1.56,35.95
392,389,FC Spartak Trnava,UEFA Europa League,0.9,1.27,35.94
393,373,VVV Venlo,Dutch Eredivisie,1.34,1.83,35.93
394,420,Kristiansund BK,Norwegian Tippeligaen,1.1,1.53,35.87
395,425,Real Zaragoza,Spanish Segunda Division,1.13,1.56,35.81
396,364,Consadole Sapporo,Japanese J League,1.14,1.59,35.68
397,392,AaB,Danish SAS-Ligaen,1.06,1.49,35.59
398,394,Eupen,Belgian Jupiler League,1.19,1.68,35.25
399,416,Wuhan Zall,Chinese Super League,1.06,1.52,35.1
400,381,Hibernian,Scottish Premiership,0.98,1.42,35.1
401,414,Orlando City SC,Major League Soccer,1.22,1.71,35.09
402,385,Deportivo La Coruña,Spanish Segunda Division,0.85,1.25,35.02
403,407,Minnesota United FC,Major League Soccer,1.25,1.76,34.91
404,398,Adelaide United,Australian A-League,1.06,1.53,34.86
405,401,Palermo,Italy Serie B,1.07,1.55,34.69
406,437,Arizona United,United Soccer League,1.17,1.68,34.61
407,405,Tianjin Quanujian,Chinese Super League,1.09,1.58,34.58
408,400,Paris FC,French Ligue 2,0.66,1.01,34.54
409,413,Metallurg Krasnoyarsk,Russian Premier Liga,1.13,1.64,34.53
410,417,1. FC Heidenheim 1846,German 2. Bundesliga,1.17,1.68,34.46
411,408,KV Oostende,Belgian Jupiler League,1.02,1.51,34.18
412,391,Sporting Gijón,Spanish Segunda Division,0.86,1.3,34.1
413,399,Bodo/Glimt,Norwegian Tippeligaen,1.18,1.72,34.08
414,410,Benevento,Italy Serie B,1.07,1.58,34.02
415,397,Portsmouth,English League One,1.11,1.63,33.99
416,411,Bidvest Wits,South African ABSA Premier League,0.99,1.49,33.98
417,402,Almeria,Spanish Segunda Division,0.97,1.46,33.96
418,431,Emmen,Dutch Eredivisie,1.21,1.77,33.85
419,387,Sanfrecce Hiroshima,Japanese J League,0.87,1.34,33.76
420,468,Excelsior,Dutch Eredivisie,1.46,2.09,33.75
421,415,Lecce,Italy Serie B,1.0,1.51,33.69
422,447,Elche,Spanish Segunda Division,1.05,1.58,33.53
423,436,Cittadella,Italy Serie B,1.07,1.61,33.53
424,426,Feirense,Portuguese Liga,1.01,1.53,33.5
425,409,Shenzhen FC,Chinese Super League,1.04,1.58,33.47
426,421,FC Xanthi,Greek Super League,0.79,1.26,33.25
427,422,KSC Lokeren,Belgian Jupiler League,1.05,1.6,33.19
428,423,VfL Bochum,German 2. Bundesliga,1.15,1.73,33.1
429,424,Black Aces,South African ABSA Premier League,1.02,1.57,33.05
430,395,Vissel Kobe,Japanese J League,1.2,1.83,32.68
431,419,Guizhou Renhe,Chinese Super League,0.98,1.54,32.66
432,466,Shonan Bellmare,Japanese J League,0.99,1.55,32.61
433,440,New England Revolution,Major League Soccer,1.19,1.81,32.57
434,432,Western Sydney FC,Australian A-League,1.27,1.92,32.55
435,433,Ipswich Town,English League Championship,0.97,1.53,32.52
436,467,Doncaster Rovers,English League One,1.14,1.76,32.41
437,434,Panetolikos,Greek Super League,1.02,1.6,32.35
438,438,SV Sandhausen,German 2. Bundesliga,1.04,1.64,32.32
439,435,Burton Albion,English League One,1.1,1.72,32.3
440,459,Lorient,French Ligue 2,1.11,1.75,32.0
441,418,Nashville SC,United Soccer League,1.01,1.62,31.81
442,428,Hartberg,Austrian T-Mobile Bundesliga,1.39,2.13,31.76
443,442,Cercle Brugge,Belgian Jupiler League,1.2,1.88,31.72
444,451,Tampa Bay Rowdies,United Soccer League,0.88,1.46,31.66
445,461,San Jose Earthquakes,Major League Soccer,1.26,1.97,31.63
446,445,Sonderjyske,Danish SAS-Ligaen,1.1,1.76,31.45
447,430,GIF Sundsvall,Swedish Allsvenskan,1.06,1.71,31.41
448,441,SV Darmstadt 98,German 2. Bundesliga,0.97,1.59,31.34
449,457,1. FC Magdeburg,German 2. Bundesliga,0.92,1.54,31.01
450,472,Gamba Osaka,Japanese J League,1.09,1.79,30.8
451,448,Giannina,Greek Super League,0.63,1.15,30.78
452,450,Panionios,Greek Super League,0.9,1.53,30.7
453,443,Grasshoppers Zürich,Swiss Raiffeisen Super League,0.88,1.51,30.65
454,446,Oita Trinita,Japanese J League,0.8,1.4,30.57
455,454,Lobos de la BUAP,Mexican Primera Division Torneo Clausura,0.99,1.67,30.55
456,470,Dynamo Dresden,German 2. Bundesliga,0.94,1.6,30.35
457,460,Crotone,Italy Serie B,0.88,1.53,30.3
458,444,FC Cincinnati,Major League Soccer,0.98,1.67,30.25
459,465,Las Palmas,Spanish Segunda Division,0.99,1.68,30.2
460,469,Clermont Foot,French Ligue 2,0.88,1.54,30.14
461,455,Perugia,Italy Serie B,0.93,1.61,30.06
462,463,De Graafschap,Dutch Eredivisie,1.15,1.92,29.96
463,464,Bolton,English League Championship,0.88,1.56,29.83
464,456,St. Pölten,Austrian T-Mobile Bundesliga,0.9,1.6,29.63
465,439,Real Oviedo,Spanish Segunda Division,0.78,1.42,29.61
466,449,Stromsgodset,Norwegian Tippeligaen,1.1,1.89,29.43
467,452,Spezia,Italy Serie B,0.96,1.69,29.4
468,486,Extremadura UD,Spanish Segunda Division,0.78,1.44,29.3
469,427,Sarpsborg,Norwegian Tippeligaen,0.91,1.62,29.26
470,458,Le Havre,French Ligue 2,0.9,1.61,29.25
471,453,IF Elfsborg,Swedish Allsvenskan,1.0,1.76,29.24
472,479,Verona,Italy Serie B,0.91,1.65,29.01
473,476,Wellington Phoenix,Australian A-League,1.2,2.04,29.0
474,475,Vancouver Whitecaps,Major League Soccer,1.01,1.78,28.89
475,494,Jubilo Iwata,Japanese J League,0.75,1.42,28.76
476,483,Shimizu S-Pulse,Japanese J League,1.11,1.96,28.38
477,471,Reno 1868 FC,United Soccer League,1.04,1.87,28.17
478,484,Indy Eleven,United Soccer League,0.86,1.62,28.1
479,485,Hobro IK,Danish SAS-Ligaen,0.91,1.69,28.0
480,474,Louisville City FC,United Soccer League,0.99,1.82,27.98
481,481,Orange County SC,United Soccer League,1.12,2.01,27.93
482,489,FC Wacker Innsbruck,Austrian T-Mobile Bundesliga,0.88,1.67,27.83
483,488,Cosenza,Italy Serie B,0.78,1.52,27.82
484,496,Lugo,Spanish Segunda Division,0.9,1.71,27.63
485,473,New York Red Bulls II,United Soccer League,1.18,2.11,27.63
486,508,New Mexico United,United Soccer League,1.11,2.01,27.62
487,478,FC St. Pauli,German 2. Bundesliga,0.94,1.78,27.53
488,487,Kalmar FF,Swedish Allsvenskan,0.71,1.44,27.39
489,491,Chateauroux,French Ligue 2,0.78,1.54,27.37
490,492,Vendsyssel,Danish SAS-Ligaen,0.87,1.69,27.21
491,480,Orléans,French Ligue 2,1.0,1.9,26.96
492,497,Erzgebirge Aue,German 2. Bundesliga,0.85,1.67,26.94
493,514,Colorado Rapids,Major League Soccer,1.07,2.0,26.92
494,490,Numancia,Spanish Segunda Division,0.79,1.59,26.87
495,495,Vejle,Danish SAS-Ligaen,0.97,1.86,26.82
496,493,Rayo Majadahonda,Spanish Segunda Division,1.02,1.93,26.77
497,516,Hearts,Scottish Premiership,0.83,1.65,26.72
498,462,AS Nancy Lorraine,French Ligue 2,0.85,1.69,26.62
499,498,Coventry City,English League One,0.85,1.69,26.6
500,477,Tenerife,Spanish Segunda Division,0.85,1.7,26.54
501,499,Anzhi Makhachkala,Russian Premier Liga,0.75,1.57,26.34
502,500,Oxford United,English League One,0.89,1.78,26.23
503,482,Vegalta Sendai,Japanese J League,0.92,1.82,26.21
504,529,Viking FK,Norwegian Tippeligaen,0.87,1.75,26.18
505,515,SpVgg Greuther Fürth,German 2. Bundesliga,0.83,1.7,26.11
506,505,Cremonese,Italy Serie B,0.65,1.44,25.88
507,506,Veracruz,Mexican Primera Division Torneo Clausura,0.88,1.8,25.8
508,507,Peterborough United,English League One,0.92,1.86,25.79
509,509,Foggia,Italy Serie B,0.8,1.68,25.7
510,537,Ranheim,Norwegian Tippeligaen,1.0,1.99,25.48
511,502,Orebro SK,Swedish Allsvenskan,0.97,1.94,25.47
512,511,Kaizer Chiefs,South African ABSA Premier League,0.6,1.38,25.43
513,501,Fortuna Sittard,Dutch Eredivisie,1.23,2.33,25.39
514,512,Highlands Park FC,South African ABSA Premier League,0.7,1.55,25.25
515,513,Polokwane City FC,South African ABSA Premier League,0.79,1.7,25.18
516,503,Helsingborgs IF,Swedish Allsvenskan,0.89,1.85,25.03
517,534,Fresno FC,United Soccer League,0.79,1.71,24.93
518,518,Pittsburgh Riverhounds,United Soccer League,0.86,1.82,24.78
519,504,MSV Duisburg,German 2. Bundesliga,1.06,2.13,24.72
520,541,IK Sirius,Swedish Allsvenskan,1.05,2.12,24.62
521,524,Motherwell,Scottish Premiership,0.91,1.92,24.6
522,519,Valenciennes,French Ligue 2,1.04,2.11,24.58
523,525,Mjondalen,Norwegian Tippeligaen,0.97,2.02,24.34
524,520,Bloem Celtic,South African ABSA Premier League,0.75,1.69,24.11
525,521,US Pescara,Italy Serie B,0.82,1.82,23.83
526,543,Sagan Tosu,Japanese J League,0.59,1.46,23.83
527,522,Fleetwood Town,English League One,0.72,1.68,23.79
528,523,Bristol Rovers,English League One,0.66,1.58,23.71
529,517,North Carolina FC,United Soccer League,0.85,1.89,23.62
530,531,Real Monarchs SLC,United Soccer League,1.04,2.21,23.27
531,526,Saint Louis FC,United Soccer League,0.64,1.58,23.19
532,510,Stabaek,Norwegian Tippeligaen,0.84,1.91,23.09
533,532,Salernitana,Italy Serie B,0.78,1.84,22.75
534,528,Oklahoma City Energy FC,United Soccer League,0.9,2.03,22.74
535,535,Gillingham,English League One,0.84,1.94,22.58
536,538,AC Horsens,Danish SAS-Ligaen,0.77,1.84,22.35
537,533,Auxerre,French Ligue 2,0.51,1.42,22.32
538,539,Portland Timbers 2,United Soccer League,0.98,2.18,22.29
539,530,Charleston Battery,United Soccer League,0.7,1.74,22.29
540,544,Brisbane Roar,Australian A-League,1.07,2.35,21.95
541,545,Chippa United,South African ABSA Premier League,0.58,1.56,21.84
542,547,Reus Deportiu,Spanish Segunda Division,0.56,1.53,21.75
543,548,Livorno,Italy Serie B,0.71,1.8,21.63
544,549,NAC,Dutch Eredivisie,0.75,1.88,21.44
545,527,Grenoble,French Ligue 2,0.76,1.89,21.41
546,550,Maritzburg Utd,South African ABSA Premier League,0.54,1.54,21.26
547,551,SuperSport United,South African ABSA Premier League,0.53,1.52,21.2
548,553,AmaZulu,South African ABSA Premier League,0.69,1.81,21.08
549,554,Golden Arrows,South African ABSA Premier League,0.52,1.52,21.02
550,552,Livingston,Scottish Premiership,0.74,1.9,20.9
551,556,F.B.C Unione Venezia,Italy Serie B,0.66,1.78,20.8
552,564,Austin Bold FC,United Soccer League,0.64,1.75,20.72
553,557,Shrewsbury Town,English League One,0.62,1.72,20.67
554,558,Padova,Italy Serie B,0.64,1.74,20.66
555,559,Levadiakos,Greek Super League,0.49,1.48,20.65
556,560,Accrington Stanley,English League One,0.66,1.79,20.62
557,542,Sacramento Republic FC,United Soccer League,0.74,1.93,20.61
558,546,AD Alcorcon,Spanish Segunda Division,0.53,1.58,20.39
559,582,Beziers AS,French Ligue 2,0.66,1.82,20.29
560,561,Blackpool,English League One,0.65,1.81,20.11
561,540,Lillestrom,Norwegian Tippeligaen,0.7,1.91,20.0
562,536,St Johnstone,Scottish Premiership,0.58,1.7,19.97
563,563,Ascoli,Italy Serie B,0.67,1.87,19.73
564,555,Tromso,Norwegian Tippeligaen,0.8,2.11,19.55
565,579,St Mirren,Scottish Premiership,0.73,1.98,19.54
566,565,Mansfield Town,English League Two,0.62,1.8,19.48
567,583,Sochaux,French Ligue 2,0.5,1.59,19.36
568,566,Baroka FC,South African ABSA Premier League,0.56,1.72,19.06
569,572,Niort,French Ligue 2,0.5,1.61,19.02
570,567,Free State Stars,South African ABSA Premier League,0.64,1.88,18.99
571,569,Cordoba,Spanish Segunda Division,0.98,2.44,18.98
572,562,San Antonio FC,United Soccer League,0.68,1.95,18.94
573,592,Ottawa Fury FC,United Soccer League,0.53,1.69,18.87
574,570,Bury,English League Two,0.81,2.19,18.75
575,571,Central Coast Mariners,Australian A-League,0.89,2.33,18.75
576,573,AFC Wimbledon,English League One,0.54,1.74,18.4
577,594,El Paso Locomotive FC,United Soccer League,0.62,1.89,18.32
578,576,Carpi,Italy Serie B,0.73,2.13,17.89
579,581,AC Ajaccio,French Ligue 2,0.42,1.57,17.84
580,578,Wycombe Wanderers,English League One,0.63,1.95,17.79
581,580,Southend United,English League One,0.7,2.08,17.63
582,577,Vasby United,Swedish Allsvenskan,0.58,1.89,17.45
583,568,Falkenbergs FF,Swedish Allsvenskan,0.61,2.0,16.73
584,586,Stevenage,English League Two,0.59,1.99,16.37
585,587,Apollon Smyrni,Greek Super League,0.46,1.76,16.35
586,588,Milton Keynes Dons,English League Two,0.63,2.08,16.3
587,574,Las Vegas Lights FC,United Soccer League,0.81,2.4,16.28
588,589,Lincoln City,English League Two,0.48,1.81,16.27
589,585,Forest Green Rovers,English League Two,0.54,1.92,16.11
590,591,Gimnástic Tarragona,Spanish Segunda Division,0.5,1.84,16.09
591,575,Matsumoto Yamaga FC,Japanese J League,0.44,1.78,15.65
592,595,Crewe Alexandra,English League Two,0.68,2.24,15.61
593,590,Red Star FC 93,French Ligue 2,0.51,1.91,15.6
594,596,Black Leopards,South African ABSA Premier League,0.54,1.98,15.54
595,593,Rio Grande Valley FC Toros,United Soccer League,0.65,2.2,15.38
596,602,Tulsa Roughnecks,United Soccer League,0.76,2.4,15.35
597,598,Swindon Town,English League Two,0.54,2.01,15.28
598,584,LA Galaxy II,United Soccer League,0.84,2.56,15.18
599,599,GFC Ajaccio,French Ligue 2,0.48,1.9,15.15
600,600,Walsall,English League One,0.56,2.05,15.07
601,601,Oldham Athletic,English League Two,0.65,2.23,15.01
602,603,Northampton Town,English League Two,0.71,2.35,14.87
603,606,Charlotte Independence,United Soccer League,0.66,2.28,14.85
604,604,Rochdale,English League One,0.6,2.18,14.66
605,605,Plymouth Argyle,English League One,0.69,2.39,14.18
606,609,Tranmere Rovers,English League Two,0.4,1.84,14.0
607,608,Newport County,English League Two,0.35,1.74,13.93
608,610,Bradford City,English League One,0.55,2.19,13.49
609,607,Swope Park Rangers,United Soccer League,0.72,2.54,13.39
610,611,Birmingham Legion FC,United Soccer League,0.51,2.13,13.37
611,612,Exeter City,English League Two,0.41,1.93,13.19
612,613,Colchester United,English League Two,0.45,2.01,13.18
613,597,Bethlehem Steel FC,United Soccer League,0.62,2.39,13.0
614,614,Carlisle United,English League Two,0.58,2.34,12.77
615,615,Scunthorpe,English League One,0.55,2.3,12.47
616,618,Hamilton Academical,Scottish Premiership,0.52,2.27,12.25
617,616,Dundee,Scottish Premiership,0.55,2.37,11.9
618,617,Cheltenham Town,English League Two,0.54,2.36,11.82
619,619,Morecambe,English League Two,0.47,2.26,11.29
620,621,Memphis 901 FC,United Soccer League,0.37,2.1,10.91
621,622,Colorado Springs Switchbacks FC,United Soccer League,0.36,2.17,10.08
622,620,Loudoun United FC,United Soccer League,0.38,2.24,9.96
623,623,Hartford Athletic,United Soccer League,0.45,2.41,9.77
624,624,Macclesfield,English League Two,0.33,2.32,8.39
625,625,Atlanta United 2,United Soccer League,0.32,2.3,8.34
626,626,Crawley Town,English League Two,0.33,2.38,8.08
627,627,Port Vale,English League Two,0.2,2.05,7.91
628,628,Grimsby Town,English League Two,0.2,2.08,7.75
629,629,Cambridge United,English League Two,0.2,2.12,7.46
630,630,Notts County,English League Two,0.3,2.57,6.48
631,631,Yeovil Town,English League Two,0.2,2.49,5.45
632,632,Tacoma Defiance,United Soccer League,0.2,2.81,4.11
